Product_id,Brand,Model,Color,Memory,Storage,Rating,Price,OriginalPrice,summary
ACCFZGAQJGYCYDCM,SAMSUNG,Galaxy F22 ,Denim Blue,6 GB,128 GB,4.3,14999,16999,Terrific purchase
ACCFZGAQJGYCYDCM,SAMSUNG,Galaxy F22 ,Denim Blue,4 GB,64 GB,4.3,12999,14999,Terrific purchase
ACCFZGAQJGYCYDCM,SAMSUNG,Galaxy F14,GOAT Green,6 GB,128 GB,4.3,11999,17999,Super!
ACCFZGAQJGYCYDCM,SAMSUNG,Galaxy F04,Jade purple,4 GB,64 GB,4.3,9999,14999,Super!
ACCFZGAQJGYCYDCM,SAMSUNG,Galaxy F23,Aqua Blue,4 GB,128GB,4.2,15999,20999,Terrific purchase
ACCFZGAQJGYCYDCM,SAMSUNG,Galaxy F13,Sunrise Copper,4 GB,64 GB,4.2,9999,15999,Wonderful
ACCFZGAQJGYCYDCM,VIVO,V30,Velvet Red,8 GB,128 GB,4.3,26999,35999,Pretty good
ACCFZGAQJGYCYDCM,SAMSUNG,M02s ,Blue,3 GB,32 GB,4.2,9539,10389,Terrific purchase
ACCFZGAQJGYCYDCM,SAMSUNG,Galaxy F12 ,Celestial Black,4 GB,64 GB,4.2,11499,12999,Delightful
ACCFZGAQJGYCYDCM,SAMSUNG,Galaxy M33 ,Mystique,2 GB,128 GB,4.7,21999,24999,The best
ACCFZGAQJGYCYDCM,SAMSUNG,Galaxy A12 ,Blue,4 GB,64 GB,4.2,15999,15999,Simply awesome
ACCFZGAQJGYCYDCM,SAMSUNG,Galaxy A22 ,Black,6 GB,128 GB,4.3,18499,20499,Good choice
ACCFZGAQJGYCYDCM,SAMSUNG,Galaxy F12 ,Sky Blue,4 GB,128 GB,4.2,12499,13999,Terrible product
ACCFZGAQJGYCYDCM,SAMSUNG,Galaxy A22 5G ,Mint,6 GB,128 GB,4.3,19818,20969,Useless product
ACCFZGAQJGYCYDCM,SAMSUNG,Galaxy M13 ,Midnight Blue,4 GB,128 GB,4.2,27999,31999,Wonderful
ACCFZGAQJGYCYDCM,SAMSUNG,Galaxy M04,Light Green,6 GB,64 GB,4.3,27999,31999,Fabulous!
ACCFZGAQJGYCYDCM,SAMSUNG,M02s ,Black,3 GB,32 GB,4.2,9639,9639,Very Good
ACCFZGAQJGYCYDCM,SAMSUNG,Galaxy S20,Cloud Mint,4 GB,128 GB,4.2,46999,55999,Excellent
ACCFZGAQJGYCYDCM,SAMSUNG,Galaxy M02 ,Grey,3 GB,32 GB,4,8850,9998,Awesome
ACCFZGAQJGYCYDCM,SAMSUNG,Galaxy A12 ,Blue,4 GB,64 GB,4.2,12144,12144,Excellent
ACCFZGAQJGYCYDCM,SAMSUNG,Galaxy F12 ,Sea Green,4 GB,128 GB,4.2,12499,13999,Does the job
ACCFZGAQJGYCYDCM,SAMSUNG,M21 2021 Edition ,Arctic blue,4 GB,64 GB,4,13224,13899,Nice product
ACCFZGAQJGYCYDCM,SAMSUNG,Galaxy F12 ,Celestial Black,4 GB,128 GB,4.2,12499,13999,Nice product
ACCFZGAQJGYCYDCM,SAMSUNG,Galaxy A22 5G ,Mint,8 GB,128 GB,4.2,23596,23696,Good quality product
ACCFZGAQJGYCYDCM,SAMSUNG,Galaxy A21s ,Blue,6 GB,64 GB,4.2,14839,16900,Terrific
ACCFZGAQJGYCYDCM,SAMSUNG,GALAXY M31S ,Mirage Black,8 GB,128 GB,4.3,19330,20999,Really Nice
ACCFZGAQJGYCYDCM,SAMSUNG,Galaxy A12 ,White,4 GB,64 GB,4.2,15999,15999,Must buy!
ACCFZGAQJGYCYDCM,SAMSUNG,M32 5G ,Sky blue,6 GB,128 GB,,21499,23999,Really Nice
ACCFZGAQJGYCYDCM,SAMSUNG,Galaxy M02 ,Black,2 GB,32 GB,4,8229,8229,Mind-blowing purchase
ACCFZGAQJGYCYDCM,SAMSUNG,Galaxy A12 ,Blue,6 GB,128 GB,3.9,14999,14999,Best in the market!
ACCFZGAQJGYCYDCM,SAMSUNG,Metro 313 Dual Sim,Black,4 MB,2 MB,4.3,2340,2340,Excellent
ACCFZGAQJGYCYDCM,SAMSUNG,Galaxy M02 ,Black,3 GB,32 GB,4,8897,8897,Worth every penny
ACCFZGAQJGYCYDCM,SAMSUNG,Galaxy M31 ,Space Black,6 GB,64 GB,4.3,16299,16299,Nice
ACCFZGAQJGYCYDCM,SAMSUNG,Galaxy A21s ,Black,6 GB,128 GB,4.2,17499,18999,Wonderful
ACCFZGAQJGYCYDCM,SAMSUNG,Galaxy A22 5G ,Grey,8 GB,128 GB,4.2,21999,23999,Nice product
ACCFZGAQJGYCYDCM,SAMSUNG,Galaxy Z Flip3 5G ,Cream,8 GB,256 GB,4.3,88999,99999,Best in the market!
ACCFZGAQJGYCYDCM,SAMSUNG,Galaxy A23,Black,3 GB,128 GB,4.2,59999,65999,Nice product
ACCFZGAQJGYCYDCM,SAMSUNG,Galaxy A03s ,Black,4 GB,64 GB,4.2,12499,14499,Wonderful
ACCFZGAQJGYCYDCM,SAMSUNG,Galaxy F02s ,Diamond Blue,3 GB,32 GB,4.2,9499,10499,Awesome
ACCFZGAQJGYCYDCM,SAMSUNG,Galaxy A72 ,Awesome Black,8 GB,128 GB,4.3,34999,41999,Pretty good
ACCFZGAQJGYCYDCM,SAMSUNG,Galaxy M31s ,Mirage Black,6 GB,128 GB,4.3,19725,19725,Wonderful
ACCFZGAQJGYCYDCM,SAMSUNG,Galaxy M31 ,Ocean Blue,8 GB,128 GB,4.3,18654,18950,Just wow!
ACCFZGAQJGYCYDCM,SAMSUNG,Galaxy M32 ,Light Blue,4 GB,64 GB,4.2,14690,14690,Very Good
ACCFZGAQJGYCYDCM,SAMSUNG,Galaxy A51 ,Prism Crush Blue,8 GB,128 GB,4.3,22499,29999,Awesome
ACCFZGAQJGYCYDCM,SAMSUNG,Galaxy A12 ,White,6 GB,128 GB,3.9,14999,14999,Highly recommended
ACCFZGAQJGYCYDCM,SAMSUNG,Galaxy Z Flip3 5G ,Cream,8 GB,128 GB,4.3,84999,95999,Fabulous!
ACCFZGAQJGYCYDCM,SAMSUNG,Galaxy M32 ,Black,4 GB,64 GB,4.2,14749,15980,Excellent
ACCFZGAQJGYCYDCM,SAMSUNG,Galaxy M12 ,White,6 GB,128 GB,4.2,14490,14999,Awesome
ACCFZGAQJGYCYDCM,SAMSUNG,Galaxy Z Flip3 5G ,Phantom Black,8 GB,128 GB,4.3,84999,95999,Terrific purchase
ACCFZGAQJGYCYDCM,SAMSUNG,Galaxy A22 5G ,Grey,6 GB,128 GB,4.3,19979,22498,Best in the market!
ACCFHGZFS7GB9CVM,SAMSUNG,Galaxy F62 ,Laser Grey,6 GB,128 GB,4.2,23999,29999,Fabulous!
ACCFHGZFS7GB9CVM,SAMSUNG,Galaxy A12 ,Black,6 GB,128 GB,3.9,15843,17480,Good quality product
ACCFHGZFS7GB9CVM,SAMSUNG,Galaxy A52s 5G ,Awesome White,8 GB,128 GB,4.5,37499,40999,Terrific purchase
ACCFHGZFS7GB9CVM,SAMSUNG,Galaxy A22 ,Black,6 GB,128 GB,4.3,17578,19499,Simply awesome
ACCFHGZFS7GB9CVM,SAMSUNG,Galaxy M21 2021 Edition ,Arctic Blue,4 GB,64 GB,,13899,13990,Good quality product
ACCFHGZFS7GB9CVM,SAMSUNG,Galaxy M11 ,Black,4 GB,64 GB,4.3,11299,11300,Excellent
ACCFHGZFS7GB9CVM,SAMSUNG,M32 5G ,Slate Black,6 GB,128 GB,,21999,23999,Super!
ACCFHGZFS7GB9CVM,SAMSUNG,Galaxy A52s 5G ,Awesome Black,8 GB,128 GB,4.5,37499,40999,Delightful
ACCFHGZFS7GB9CVM,SAMSUNG,Galaxy F62 ,Laser Blue,6 GB,128 GB,4.2,23999,29999,Worth every penny
ACCFHGZFS7GB9CVM,SAMSUNG,Galaxy M02 ,Grey,2 GB,32 GB,4,8289,8289,Did not meet expectations
ACCFHGZFS7GB9CVM,SAMSUNG,Galaxy A21s ,Silver,6 GB,128 GB,4.2,17499,18999,Brilliant
ACCFHGZFS7GB9CVM,SAMSUNG,Galaxy A21s ,Blue,6 GB,128 GB,4.2,17499,18999,Wonderful
ACCFHGZFS7GB9CVM,SAMSUNG,Galaxy S10 Lite ,Prism Black,8 GB,512 GB,4.5,49999,49999,Brilliant
ACCFHGZFS7GB9CVM,SAMSUNG,Galaxy F41 ,Fusion Green,6 GB,64 GB,4.3,15999,19999,Classy product
ACCFHGZFS7GB9CVM,SAMSUNG,Galaxy F62 ,Laser Green,6 GB,128 GB,4.2,23999,29999,Super!
ACCFHGZFS7GB9CVM,SAMSUNG,Galaxy A12 ,Black,6 GB,128 GB,3.9,16499,17999,Worth every penny
ACCFHGZFS7GB9CVM,SAMSUNG,Galaxy A52 ,Awesome Black,6 GB,128 GB,4.3,27499,30499,Terrific
ACCFHGZFS7GB9CVM,SAMSUNG,Galaxy A12 ,Black,6 GB,128 GB,3.9,14999,14999,Good choice
ACCFHGZFS7GB9CVM,SAMSUNG,Galaxy M11 ,Black,3 GB,32 GB,4.2,11744,11749,Best in the market!
ACCFHGZFS7GB9CVM,SAMSUNG,Galaxy A22 ,Mint,6 GB,128 GB,4.3,18499,20499,Super!
ACCFHGZFS7GB9CVM,SAMSUNG,Galaxy A32 ,Awesome Blue,6 GB,128 GB,4.1,21700,21700,Terrific purchase
ACCFHGZFS7GB9CVM,SAMSUNG,Galaxy A52 ,Awesome Black,6 GB,128 GB,4.3,27499,30499,Fair
ACCFHGZFS7GB9CVM,SAMSUNG,Galaxy A32 ,Awesome Blue,6 GB,128 GB,4.1,21700,21700,Good
ACCFHGZFS7GB9CVM,SAMSUNG,Galaxy A12 ,Black,6 GB,128 GB,3.9,14999,14999,Perfect product!
ACCFHGZFS7GB9CVM,SAMSUNG,Galaxy A22 ,Mint,6 GB,128 GB,4.3,18499,20499,Perfect product!
ACCFHGZFS7GB9CVM,SAMSUNG,S20 FE 5G ,Cloud Navy,8 GB,128 GB,,49990,56990,Terrific
ACCFHGZFS7GB9CVM,SAMSUNG,Galaxy M31s ,Mirage Blue,6 GB,128 GB,4.3,19178,19900,Brilliant
ACCFHGZFS7GB9CVM,SAMSUNG,Galaxy A03s ,Black,3 GB,32 GB,4,11499,13499,Highly recommended
ACCFHGZFS7GB9CVM,SAMSUNG,Galaxy F02s ,Diamond Black,4 GB,64 GB,4.2,10499,11499,Pretty good
ACCFHGZFS7GB9CVM,SAMSUNG,Galaxy A21s ,Black,6 GB,64 GB,4.2,15199,15380,Wonderful
ACCFHGZFS7GB9CVM,SAMSUNG,Galaxy A03s ,Blue,4 GB,64 GB,4.2,12499,14499,Perfect product!
ACCFHGZFS7GB9CVM,SAMSUNG,Galaxy S10 ,Prism White,8 GB,512 GB,4.6,92000,92000,Super!
ACCFHGZFS7GB9CVM,SAMSUNG,Galaxy A21s ,Black,4 GB,64 GB,4.2,14999,17999,Simply awesome
ACCFHGZFS7GB9CVM,SAMSUNG,Galaxy M31 ,Ocean Blue,6 GB,64 GB,4.3,16999,17500,Must buy!
ACCFHGZFS7GB9CVM,SAMSUNG,Galaxy A12 ,White,6 GB,128 GB,3.9,16499,17999,Perfect product!
ACCFHGZFS7GB9CVM,SAMSUNG,Galaxy M11 ,Violet,4 GB,64 GB,4.3,11699,11699,Simply awesome
ACCFHGZFS7GB9CVM,SAMSUNG,M01 core ,Red,1 GB,16 GB,3.9,7399,7399,Just wow!
ACCFHGZFS7GB9CVM,SAMSUNG,Galaxy A12 ,White,6 GB,128 GB,3.9,15989,16489,Worth the money
ACCFHGZFS7GB9CVM,SAMSUNG,Galaxy A52s 5G ,Awesome Violet,8 GB,128 GB,4.5,37499,40999,Delightful
ACCFHGZFS7GB9CVM,SAMSUNG,GALAXY M51 ,Celestial Black,6 GB,128 GB,4.3,24990,24990,Perfect product!
ACCFHGZFS7GB9CVM,SAMSUNG,Galaxy M31 ,Space Black,8 GB,128 GB,4.3,19990,19990,Awesome
ACCFHGZFS7GB9CVM,SAMSUNG,Galaxy A21s ,Blue,4 GB,64 GB,4.2,14999,17999,Super!
ACCFHGZFS7GB9CVM,SAMSUNG,Galaxy Note 20 ,Mystic Bronze,8 GB,256 GB,4.3,77999,86000,Worth every penny
ACCFHGZFS7GB9CVM,SAMSUNG,Guru Music 2,Black,,2 MB,4.3,1625,1625,Perfect product!
ACCFHGZFS7GB9CVM,SAMSUNG,Galaxy A52 ,Awesome Blue,8 GB,128 GB,4.4,28999,31999,Very Good
ACCFHGZFS7GB9CVM,SAMSUNG,Galaxy A12 ,Blue,6 GB,128 GB,3.9,15271,15271,Super!
ACCFHGZFS7GB9CVM,SAMSUNG,Galaxy Note10 Lite ,Aura Black,6 GB,128 GB,4.3,39990,39990,Worth every penny
ACCFHGZFS7GB9CVM,SAMSUNG,Galaxy M11 ,Violet,3 GB,32 GB,4.2,11745,11745,Mind-blowing purchase
ACCFHGZFS7GB9CVM,SAMSUNG,Galaxy A71 ,Haze Crush Silver,8 GB,128 GB,4.4,27499,34999,Classy product
ACCFHGZFS7GB9CVM,SAMSUNG,Guru Music 2,Black,,2 MB,4.3,1625,1625,Very Good
ACCFR3Q77R6RRGAC,SAMSUNG,Galaxy M12 ,Black,4 GB,64 GB,4.2,11290,12490,Terrific purchase
ACCFR3Q77R6RRGAC,SAMSUNG,Guru FM Plus SM-B110E/D,Black,,2 MB,4.3,1375,1375,Fabulous!
ACCFR3Q77R6RRGAC,SAMSUNG,Guru Music 2,Black,,Expandable Upto 16 GB,4.3,1625,1625,Worth every penny
ACCFR3Q77R6RRGAC,SAMSUNG,Galaxy A70s ,Prism Crush Red,8 GB,128 GB,4.3,30500,33100,Terrific
ACCFR3Q77R6RRGAC,SAMSUNG,Metro 313 Dual Sim,Black,16 MB,2 MB,4.2,2025,2025,Simply awesome
ACCFR3Q77R6RRGAC,SAMSUNG,Galaxy A12 ,Black,4 GB,64 GB,4.2,15999,15999,Simply awesome
ACCFR3Q77R6RRGAC,SAMSUNG,Guru 1200,Black,,2 MB,4.3,1100,1100,Nice product
ACCFR3Q77R6RRGAC,SAMSUNG,M01 core ,Black,2 GB,32 GB,3.9,5999,5999,Highly recommended
ACCFR3Q77R6RRGAC,SAMSUNG,Guru Music 2 SM-B310E,Black,,Expandable Upto 16 GB,4.2,1890,1890,Terrific
ACCFR3Q77R6RRGAC,SAMSUNG,Guru FM Plus,Black,,2 MB,4.2,1445,1445,Terrific
ACCFR3Q77R6RRGAC,SAMSUNG,Galaxy M12 ,White,4 GB,64 GB,4.2,11730,12900,Pretty good
ACCFR3Q77R6RRGAC,SAMSUNG,Galaxy Z Fold3 5G ,Phantom Black,12 GB,512 GB,4.4,157999,179999,Highly recommended
ACCFR3Q77R6RRGAC,SAMSUNG,M31s ,Mirage Blue,8 GB,128 GB,4.3,21950,21950,Good quality product
ACCFR3Q77R6RRGAC,SAMSUNG,Galaxy M31 ,Iceberg blue,6 GB,128 GB,4.3,17989,17989,Decent product
ACCFR3Q77R6RRGAC,SAMSUNG,Galaxy A22 5G ,Violet,6 GB,128 GB,4.3,20696,21995,No BASS at all!! Not for music
ACCFR3Q77R6RRGAC,SAMSUNG,Galaxy A22 5G ,Violet,8 GB,128 GB,4.2,22450,22450,Simply awesome
ACCFR3Q77R6RRGAC,SAMSUNG,Galaxy M32 5G ,Slate Black,8 GB,128 GB,,24999,24999,Very Good
ACCFR3Q77R6RRGAC,SAMSUNG,Guru GT,Black,153 MB,153 MB,4.1,1549,1549,Hated it!
ACCFR3Q77R6RRGAC,SAMSUNG,M02s ,Blue,4 GB,64 GB,4.1,10398,10398,Good choice
ACCFR3Q77R6RRGAC,SAMSUNG,Galaxy M11 ,Violet,3 GB,32 GB,4.2,11745,11745,Worth every penny
ACCFR3Q77R6RRGAC,SAMSUNG,Guru FM Plus,Black,,2 MB,4.2,1445,1445,Awesome
ACCFR3Q77R6RRGAC,SAMSUNG,Galaxy M12 ,White,4 GB,64 GB,4.2,11730,12900,Pretty good
ACCFR3Q77R6RRGAC,SAMSUNG,Galaxy Z Fold3 5G ,Phantom Black,12 GB,512 GB,4.4,157999,179999,Simply awesome
ACCFR3Q77R6RRGAC,SAMSUNG,Galaxy M32 ,Blue,4 GB,64 GB,4.2,15399,15499,Don't waste your money
ACCFR3Q77R6RRGAC,SAMSUNG,Galaxy M11 ,Metallic Blue,3 GB,32 GB,4.2,11745,11745,Terrific
ACCFR3Q77R6RRGAC,SAMSUNG,Guru FM Plus SM-B110E/D,Black,,2 MB,4.3,1450,1450,Super!
ACCFR3Q77R6RRGAC,SAMSUNG,Guru Music 2,Black,,2 MB,4.3,1450,1450,Must buy!
ACCFR3Q77R6RRGAC,SAMSUNG,Guru FM Plus,Black,128 MB,2 MB,4.2,1450,1450,Classy product
ACCFR3Q77R6RRGAC,SAMSUNG,M01 core ,Blue,2 GB,32 GB,3.9,5999,5999,Great product
ACCFR3Q77R6RRGAC,SAMSUNG,Galaxy A50s ,Prism Crush Violet,4 GB,128 GB,4.3,14999,24900,Perfect product!
ACCFR3Q77R6RRGAC,SAMSUNG,Guru Plus B110,Black,512 MB,512 MB,4.2,1700,1700,Pretty good
ACCFR3Q77R6RRGAC,SAMSUNG,Galaxy S9 Plus ,Midnight Black,6 GB,64 GB,4.5,70000,70000,Terrific purchase
ACCFR3Q77R6RRGAC,SAMSUNG,Metro 313,Black,512 MB,2 MB,4.1,2599,2599,Worth every penny
ACCFR3Q77R6RRGAC,SAMSUNG,Galaxy F02s ,Diamond Black,3 GB,32 GB,4.2,9499,10499,Perfect product!
ACCFR3Q77R6RRGAC,SAMSUNG,Galaxy M32 ,Black,4 GB,64 GB,4.2,15490,15490,Classy product
ACCFR3Q77R6RRGAC,SAMSUNG,Galaxy A6 ,Gold,4 GB,64 GB,4.3,13999,14999,Just wow!
ACCFR3Q77R6RRGAC,SAMSUNG,Galaxy M31 ,Space Black,6 GB,128 GB,4.3,17888,17888,Super!
ACCFR3Q77R6RRGAC,SAMSUNG,Galaxy A6+ ,Blue,4 GB,64 GB,4.4,25600,25600,Perfect product!
ACCFR3Q77R6RRGAC,SAMSUNG,Galaxy On7 ,Gold,1.5 GB,8 GB,4.2,8490,8490,Good quality product
ACCFR3Q77R6RRGAC,SAMSUNG,Galaxy M12 ,Black,6 GB,128 GB,4.2,13984,15499,Simply awesome
ACCFR3Q77R6RRGAC,SAMSUNG,Galaxy A52s 5G ,Awesome Black,6 GB,128 GB,4.3,35999,38999,Excellent
ACCFR3Q77R6RRGAC,SAMSUNG,Galaxy F02s ,Diamond White,3 GB,32 GB,4.2,9499,10499,Worth every penny
ACCFR3Q77R6RRGAC,SAMSUNG,Galaxy A70 ,Black,6 GB,128 GB,4.3,30900,30900,Best in the market!
ACCFR3Q77R6RRGAC,SAMSUNG,Galaxy A22 ,Black,6 GB,128 GB,4.3,17575,19499,Mind-blowing purchase
ACCFR3Q77R6RRGAC,SAMSUNG,Galaxy Note 20 ,Mystic Blue,8 GB,256 GB,4.3,54599,79997,Super!
ACCFR3Q77R6RRGAC,SAMSUNG,Galaxy A03s ,White,4 GB,64 GB,4.2,12499,14499,Worth the money
ACCFR3Q77R6RRGAC,SAMSUNG,Galaxy A50s ,Prism Crush Black,4 GB,128 GB,4.3,14999,24900,Highly recommended
ACCFR3Q77R6RRGAC,SAMSUNG,Galaxy A21s ,White,6 GB,64 GB,4.2,19999,19999,Just wow!
ACCFR3Q77R6RRGAC,SAMSUNG,Metro 313,Black,4 MB,2 MB,4.2,2336,2336,Worth every penny
ACCFR3Q77R6RRGAC,SAMSUNG,Galaxy A31 ,Prism Crush Black,6 GB,128 GB,4.3,18999,18999,Terrific purchase
ACCFKYE2ARGG67WC,SAMSUNG,Galaxy A21s ,White,4 GB,64 GB,4.2,17999,17999,Highly recommended
ACCFKYE2ARGG67WC,SAMSUNG,Galaxy A52 ,Awesome Blue,6 GB,128 GB,4.3,27810,27810,Terrific purchase
ACCFKYE2ARGG67WC,SAMSUNG,Galaxy M11 ,Metallic Blue,4 GB,64 GB,4.3,12499,12800,Classy product
ACCFKYE2ARGG67WC,SAMSUNG,Metro 313,Black,4 MB,2 MB,4.2,2299,2299,Terrific
ACCFKYE2ARGG67WC,SAMSUNG,M21 2021 Edition,Black,6 GB,128 GB,4.2,14859,15663,Terrific
ACCFKYE2ARGG67WC,SAMSUNG,Galaxy A03s ,Blue,3 GB,32 GB,4,11499,13499,Excellent
ACCFKYE2ARGG67WC,SAMSUNG,M01 core ,Blue,1 GB,16 GB,3.9,4999,4999,Simply awesome
ACCFKYE2ARGG67WC,SAMSUNG,Galaxy A12 ,White,4 GB,64 GB,4.2,13999,13999,Brilliant
ACCFKYE2ARGG67WC,SAMSUNG,Galaxy Z Fold3 5G ,Phantom Black,12 GB,256 GB,4.4,149999,171999,Simply awesome
ACCFKYE2ARGG67WC,SAMSUNG,Metro 313,Black,2 MB,2 MB,4.1,2399,2399,Brilliant
ACCFKYE2ARGG67WC,SAMSUNG,Galaxy A6+ ,Gold,4 GB,64 GB,4.4,25999,25999,Bad quality
ACCFKYE2ARGG67WC,SAMSUNG,Galaxy On7 ,Black,1.5 GB,8 GB,4.2,8490,8490,Fair
ACCFKYE2ARGG67WC,SAMSUNG,Galaxy A03s ,White,3 GB,32 GB,4,11499,13499,Brilliant
ACCFKYE2ARGG67WC,SAMSUNG,Metro 313,Black,4 MB,2 MB,4.2,2282,2282,Great product
ACCFKYE2ARGG67WC,SAMSUNG,Galaxy Note 20 Ultra 5G ,Mystic Bronze,12 GB,256 GB,4.5,91999,116000,Unsatisfactory
ACCFKYE2ARGG67WC,SAMSUNG,Galaxy M01s ,Light Blue,3 GB,32 GB,4.2,10999,10999,Classy product
ACCFKYE2ARGG67WC,SAMSUNG,Metro 350,Black,32 MB,Expandable Upto 16 GB,4.1,3013,3013,Awesome
ACCFKYE2ARGG67WC,SAMSUNG,Galaxy A20s ,Black,4 GB,64 GB,4.3,14900,14900,Mind-blowing purchase
ACCFKYE2ARGG67WC,SAMSUNG,Galaxy J7 Prime ,Gold,3 GB,32 GB,4.2,16879,16879,Mind-blowing purchase
ACCFKYE2ARGG67WC,SAMSUNG,Galaxy Note 20 ,Mystic Green,8 GB,256 GB,4.3,77999,86000,Worthless
ACCFKYE2ARGG67WC,SAMSUNG,Galaxy S20 FE ,Cloud Navy,8 GB,128 GB,4,49999,65999,Awesome
ACCFKYE2ARGG67WC,SAMSUNG,Galaxy A30s ,Prism Crush Black,4 GB,128 GB,4.3,18199,18199,Wonderful
ACCFKYE2ARGG67WC,SAMSUNG,Galaxy S20 FE ,Cloud White,8 GB,128 GB,4,49999,65999,Mind-blowing purchase
ACCFKYE2ARGG67WC,SAMSUNG,Galaxy A7 ,Blue,4 GB,64 GB,4.4,17990,25379,Brilliant
ACCFKYE2ARGG67WC,SAMSUNG,Galaxy J2 Core ,Blue,1 GB,8 GB,4.2,6500,6500,Good quality product
ACCFKYE2ARGG67WC,SAMSUNG,Galaxy J6 ,Blue,3 GB,32 GB,4.4,12990,12990,Worth every penny
ACCFKYE2ARGG67WC,SAMSUNG,Galaxy J6 ,Gold,4 GB,64 GB,4.5,14990,14990,Awesome
ACCFKYE2ARGG67WC,SAMSUNG,Galaxy A70s ,Prism Crush White,8 GB,128 GB,4.3,30500,33100,Pretty good
ACCFKYE2ARGG67WC,SAMSUNG,Metro 350,Black,32 MB,Expandable Upto 16 GB,4.1,3062,3062,Great product
ACCFKYE2ARGG67WC,SAMSUNG,Galaxy A20 ,Deep Blue,3 GB,32 GB,4.3,12900,12900,Super!
ACCFKYE2ARGG67WC,SAMSUNG,Metro 313,Black,4 MB,2 MB,4.2,2050,2050,Worth every penny
ACCFKYE2ARGG67WC,SAMSUNG,Galaxy A10s ,Black,3 GB,32 GB,4.3,11000,11000,Good quality product
ACCFKYE2ARGG67WC,SAMSUNG,Galaxy J6 ,Black,4 GB,64 GB,4.5,14990,14990,Simply awesome
ACCFKYE2ARGG67WC,SAMSUNG,Galaxy M02 ,Blue,3 GB,32 GB,4,8892,8892,Classy product
ACCFKYE2ARGG67WC,SAMSUNG,Galaxy M21 ,Midnight Blue,4 GB,64 GB,4.3,15990,15990,Best in the market!
ACCFKYE2ARGG67WC,SAMSUNG,Galaxy J2 2018 ,Gold,2 GB,16 GB,4.3,7500,7500,Excellent
ACCFKYE2ARGG67WC,SAMSUNG,Galaxy J7 Nxt ,Black,3 GB,32 GB,4.3,14995,14995,Terrific purchase
ACCFKYE2ARGG67WC,SAMSUNG,Galaxy M30 ,Gradation Blue,4 GB,64 GB,4.4,13995,14455,Nice
ACCFKYE2ARGG67WC,SAMSUNG,Galaxy J7 Nxt ,Gold,3 GB,32 GB,4.3,12000,12000,Worth every penny
ACCFKYE2ARGG67WC,SAMSUNG,Galaxy M42 ,Prism Dot Black,8 GB,128 GB,4.3,29998,29998,Worth every penny
ACCFKYE2ARGG67WC,SAMSUNG,Galaxy J7 Duo ,Black,4 GB,32 GB,4.3,17962,17962,Classy product
ACCFKYE2ARGG67WC,SAMSUNG,Galaxy J7 Duo ,Black,4 GB,32 GB,4.3,17962,17962,Simply awesome
ACCFKYE2ARGG67WC,SAMSUNG,Galaxy J2 2018 ,Black,2 GB,16 GB,4.3,7999,7999,Mind-blowing purchase
ACCFKYE2ARGG67WC,SAMSUNG,Galaxy A20 ,Black,3 GB,32 GB,4.3,11490,12900,Best in the market!
ACCFKYE2ARGG67WC,SAMSUNG,Galaxy J2 Core ,Black,1 GB,8 GB,4.2,6500,6500,Delightful
ACCFKYE2ARGG67WC,SAMSUNG,Galaxy A9 ,Caviar Black,8 GB,128 GB,4.3,30990,30990,Best in the market!
ACCFKYE2ARGG67WC,SAMSUNG,Galaxy A12 ,Blue,6 GB,128 GB,3.9,16499,17999,Good quality product
ACCFKYE2ARGG67WC,SAMSUNG,Galaxy J6 Plus ,Black,4 GB,64 GB,4.3,14000,14000,Nice
ACCFKYE2ARGG67WC,SAMSUNG,Galaxy J6 Plus ,Blue,4 GB,64 GB,4.3,13600,13600,Brilliant
ACCFKYE2ARGG67WC,SAMSUNG,Metro 313 Dual Sim,Black,10 MB,2 MB,4.3,2290,2290,Just wow!
ACCFVA3KZ2EYMYX3,SAMSUNG,Galaxy Fold 2 ,Mystic Bronze,12 GB,256 GB,3,149999,189999,Highly recommended
ACCFVA3KZ2EYMYX3,SAMSUNG,M01 core ,Black,1 GB,16 GB,3.9,4999,4999,Super!
ACCFVA3KZ2EYMYX3,SAMSUNG,Galaxy J7 - 6 New 2016 Edition) ,White,2 GB,16 GB,4.3,15299,15585,Really Nice
ACCFVA3KZ2EYMYX3,SAMSUNG,Galaxy S20 Ultra ,Cosmic Gray,12 GB,128 GB,4.2,103000,103000,Brilliant
ACCFVA3KZ2EYMYX3,SAMSUNG,Galaxy A20 ,Gold,3 GB,32 GB,4.3,12900,12900,Awesome
ACCFVA3KZ2EYMYX3,SAMSUNG,Galaxy Note 20 Ultra 5G ,Mystic Black,12 GB,256 GB,4.5,91999,116000,Must buy!
ACCFVA3KZ2EYMYX3,SAMSUNG,Galaxy Note 9 ,Ocean Blue,8 GB,512 GB,4.6,59999,59999,Best in the market!
ACCFVA3KZ2EYMYX3,SAMSUNG,Galaxy A10 ,Gold,2 GB,32 GB,4.3,8700,8700,Value-for-money
ACCFVA3KZ2EYMYX3,SAMSUNG,Metro B313E Dual Sim - White,Black,10 MB,2 MB,4.1,2299,2299,Terrible product
ACCFVA3KZ2EYMYX3,SAMSUNG,Galaxy J2 Core ,Gold,1 GB,8 GB,4.2,6200,6200,Fabulous!
ACCFVA3KZ2EYMYX3,SAMSUNG,Galaxy M40 ,Seawater Blue,6 GB,128 GB,4.1,19999,19999,Good choice
ACCFVA3KZ2EYMYX3,SAMSUNG,Galaxy J2 ,White,1 GB,8 GB,4.1,6799,6799,Wonderful
ACCFVA3KZ2EYMYX3,SAMSUNG,Galaxy A50 ,White,6 GB,64 GB,4.4,24000,24000,Really Nice
ACCFVA3KZ2EYMYX3,SAMSUNG,B350,Black,32 MB,2 MB,4,3000,3000,Super!
ACCFVA3KZ2EYMYX3,SAMSUNG,Galaxy A50 ,Blue,6 GB,64 GB,4.4,21990,21990,Just okay
ACCFVA3KZ2EYMYX3,SAMSUNG,Galaxy J2-2017 ,Absolute black,1 GB,8 GB,4.2,6000,6000,Must buy!
ACCFVA3KZ2EYMYX3,SAMSUNG,Galaxy J7 Nxt ,Gold,2 GB,16 GB,4.4,10995,10995,Must buy!
ACCFVA3KZ2EYMYX3,SAMSUNG,Galaxy Grand 2 ,Gold,1.5 GB,8 GB,4.1,15999,16740,Must buy!
ACCFVA3KZ2EYMYX3,SAMSUNG,Galaxy A10 ,Red,2 GB,32 GB,4.3,8700,8700,Worth every penny
ACCFVA3KZ2EYMYX3,SAMSUNG,Galaxy S10 Plus ,Ceramic Black,8 GB,512 GB,4.6,91900,91900,Pretty good
ACCFVA3KZ2EYMYX3,SAMSUNG,Galaxy J4 ,Gold,3 GB,32 GB,4.2,10990,10990,Hated it!
ACCFVA3KZ2EYMYX3,SAMSUNG,Galaxy A6 ,Blue,4 GB,64 GB,4.3,16990,16990,Very Good
ACCFVA3KZ2EYMYX3,SAMSUNG,Galaxy A30 ,Blue,4 GB,64 GB,4.4,18000,18000,Good choice
ACCFVA3KZ2EYMYX3,SAMSUNG,Galaxy J4 ,Blue,3 GB,32 GB,4.2,13023,13023,Just okay
ACCFVA3KZ2EYMYX3,SAMSUNG,Galaxy M51 ,Celestial Black,8 GB,128 GB,4.4,27999,27999,Nice
ACCFVA3KZ2EYMYX3,SAMSUNG,Galaxy A6 ,Black,4 GB,64 GB,4.3,23748,23748,Simply awesome
ACCFVA3KZ2EYMYX3,SAMSUNG,Galaxy J2 2018 ,Pink,2 GB,16 GB,4.3,6799,6799,Super!
ACCFVA3KZ2EYMYX3,SAMSUNG,Galaxy A04s,Blue,2 GB,32 GB,4.3,11999,17999,Terrific purchase
ACCFVA3KZ2EYMYX3,SAMSUNG,Galaxy S10 Plus ,Ceramic White,12 GB,1 TB,4.5,117990,117990,Terrific
ACCFVA3KZ2EYMYX3,SAMSUNG,Galaxy J4 ,Gold,2 GB,16 GB,4.3,9500,9500,Just okay
ACCFVA3KZ2EYMYX3,SAMSUNG,Galaxy J5 Prime ,Gold,2 GB,16 GB,4,14500,14500,Good quality product
ACCFVA3KZ2EYMYX3,SAMSUNG,Galaxy J7 Duo ,Gold,4 GB,32 GB,4.3,17889,17889,Super!
ACCFVA3KZ2EYMYX3,SAMSUNG,Galaxy M01 ,Black,3 GB,32 GB,4.2,8780,8780,Best in the market!
ACCFVA3KZ2EYMYX3,SAMSUNG,Galaxy S6 Edge ,White Pearl,3 GB,32 GB,4,44900,44900,Just wow!
ACCFVA3KZ2EYMYX3,SAMSUNG,Galaxy M02 ,Red,3 GB,32 GB,4,8083,8188,Nice product
ACCFVA3KZ2EYMYX3,SAMSUNG,Sm-B110E/D,Black,,2 MB,4.1,1599,1599,Worth the money
ACCFVA3KZ2EYMYX3,SAMSUNG,Galaxy M02 ,Red,2 GB,32 GB,4,7900,7900,Brilliant
ACCFVA3KZ2EYMYX3,SAMSUNG,Galaxy A10s ,Green,2 GB,32 GB,4.4,9840,9840,Terrific purchase
ACCFVA3KZ2EYMYX3,SAMSUNG,Galaxy S21 Ultra ,Graphite,12 GB,256 GB,4.5,30999,25999,Good quality product
ACCFVA3KZ2EYMYX3,SAMSUNG,Galaxy A34,Awesome violet,3 GB,128GB,4.2,9999,15999,Super!
ACCFVA3KZ2EYMYX3,SAMSUNG,Galaxy J6 ,Gold,3 GB,32 GB,4.4,12990,12990,Excellent
ACCFVA3KZ2EYMYX3,SAMSUNG,Galaxy J4 ,Blue,2 GB,16 GB,4.3,9500,9500,Fabulous!
ACCFVA3KZ2EYMYX3,SAMSUNG,Galaxy J4 ,Black,2 GB,16 GB,4.3,8990,8990,Just wow!
ACCFVA3KZ2EYMYX3,SAMSUNG,Galaxy A30 ,Black,4 GB,64 GB,4.4,17500,17500,Mind-blowing purchase
ACCFVA3KZ2EYMYX3,SAMSUNG,Metro 313,Black,,2 MB,4.1,2299,2299,Worth the money
ACCFVA3KZ2EYMYX3,SAMSUNG,Galaxy J7 Nxt ,Black,2 GB,16 GB,4.4,11995,11995,Awesome
ACCFVA3KZ2EYMYX3,SAMSUNG,Galaxy J7 - 6 New 2016 Edition) ,Black,2 GB,16 GB,4.3,13800,15014,Must buy!
ACCFVA3KZ2EYMYX3,SAMSUNG,Galaxy S6 Edge ,Black Sapphire,3 GB,32 GB,4,37299,37299,Great product
ACCFVA3KZ2EYMYX3,SAMSUNG,Galaxy S25,Blue,4 GB,64 GB,4.4,46999,55999,Just wow!
ACCFVA3KZ2EYMYX3,POCO,C75 5G,Aqua Blue,3 GB,128 GB,4.8,36999,45999,Fair
ACCFVWN4PGNTEFGY,MOTO,G35 5G,GOAT Green,4 GB,64 GB,4.4,26999,35999,Value-for-money
ACCFVWN4PGNTEFGY,MOTO ,M45,Green,4 GB,128 GB,4.3,36999,45999,Perfect product!
ACCFVWN4PGNTEFGY,SAMSUNG,Galaxy F06 ,Light Green,3 GB,128 GB,4.3,26999,35999,Very Good
ACCFVWN4PGNTEFGY,SAMSUNG,Galaxy A14,Midnight Blue,2 GB,64GB,4.3,36999,45999,Good choice
ACCFVWN4PGNTEFGY,REALME,P3 ULTRA,Silver,4 GB,128 GB,4.5,35999,46999,Very Good
ACCFVWN4PGNTEFGY,SAMSUNG,Galaxy A8 Plus ,Gold,6 GB,64 GB,4.2,29990,29990,Fabulous!
ACCFVWN4PGNTEFGY,SAMSUNG,Galaxy J6 ,Black,3 GB,32 GB,4.4,13500,13500,Good quality product
ACCFVWN4PGNTEFGY,SAMSUNG,Galaxy J8 ,Gold,4 GB,64 GB,4.4,19500,19500,Just okay
ACCFVWN4PGNTEFGY,SAMSUNG,Galaxy J5 Prime ,Black,2 GB,16 GB,4,14500,14500,Classy product
ACCFVWN4PGNTEFGY,SAMSUNG,Galaxy J8 ,Black,4 GB,64 GB,4.4,19500,19500,Classy product
ACCFVWN4PGNTEFGY,SAMSUNG,Metro 350,Black,46 MB,64 MB,3.6,3200,3200,Very Good
ACCFVWN4PGNTEFGY,SAMSUNG,Galaxy M51 ,Electric Blue,8 GB,128 GB,4.4,22999,22999,Really Nice
ACCFVWN4PGNTEFGY,SAMSUNG,Galaxy A31 ,Prism Crush Blue,6 GB,128 GB,4.3,16999,23999,Mind-blowing purchase
ACCFVWN4PGNTEFGY,SAMSUNG,Guru FM Plus SM-B110E/D,Black,,2 MB,4.3,1448,1661,Super!
ACCFVWN4PGNTEFGY,SAMSUNG,Galaxy F02s ,Diamond Blue,4 GB,64 GB,4.2,10499,11499,Just okay
ACCFVWN4PGNTEFGY,SAMSUNG,Guru Music 2,Black,,Expandable Upto 16 GB,4.3,1882,1882,Great product
ACCFVWN4PGNTEFGY,SAMSUNG,Galaxy A22 5G ,Violet,8 GB,128 GB,4.2,22450,22450,Great product
ACCFVWN4PGNTEFGY,SAMSUNG,Galaxy F62 ,Laser Blue,8 GB,128 GB,4.3,25999,31999,Wonderful
ACCFVWN4PGNTEFGY,SAMSUNG,Galaxy F41 ,Fusion Blue,6 GB,128 GB,4.3,14499,20999,Worth every penny
ACCFVWN4PGNTEFGY,SAMSUNG,Galaxy A80 ,Angel Gold,8 GB,128 GB,4.4,28490,33450,Just wow!
ACCFVWN4PGNTEFGY,SAMSUNG,Galaxy F41 ,Fusion Green,6 GB,128 GB,4.3,14499,20999,Great product
ACCFVWN4PGNTEFGY,SAMSUNG,Galaxy F41 ,Fusion Blue,6 GB,64 GB,4.3,15999,19999,Utterly Disappointed
ACCFVWN4PGNTEFGY,SAMSUNG,Galaxy M32 5G ,Sky Blue,8 GB,128 GB,,24998,24998,Just wow!
ACCFVWN4PGNTEFGY,SAMSUNG,M02s ,Red,4 GB,64 GB,4.1,9999,10490,Not recommended at all
ACCFVWN4PGNTEFGY,SAMSUNG,Galaxy A52 ,Awesome Black,8 GB,128 GB,4.4,28999,31999,Does the job
ACCFVWN4PGNTEFGY,SAMSUNG,Galaxy M32 5G ,Slate Black,8 GB,128 GB,,24999,24999,Just wow!
ACCFVWN4PGNTEFGY,SAMSUNG,Galaxy A72 ,Awesome Violet,8 GB,128 GB,4.3,34999,41999,Worthless
ACCFVWN4PGNTEFGY,SAMSUNG,Galaxy F41 ,Fusion Black,6 GB,128 GB,4.3,14499,20999,Worst experience ever!
ACCFVWN4PGNTEFGY,SAMSUNG,Guru FM Plus,Black,,2 MB,4.2,1435,1435,Best in the market!
ACCFVWN4PGNTEFGY,SAMSUNG,Galaxy M32 ,Black,6 GB,128 GB,4.4,16980,18200,Worth every penny
ACCFVWN4PGNTEFGY,SAMSUNG,Galaxy A72 ,Awesome Blue,8 GB,128 GB,4.3,34999,41999,Does the job
ACCFVWN4PGNTEFGY,SAMSUNG,Galaxy M30s ,White,4 GB,64 GB,4.3,14990,14990,Not recommended at all
ACCFVWN4PGNTEFGY,SAMSUNG,Galaxy A20s ,Blue,3 GB,32 GB,4.3,11599,12900,Super!
ACCFVWN4PGNTEFGY,SAMSUNG,Galaxy A52s 5G ,Awesome Violet,6 GB,128 GB,4.3,35999,38999,Just wow!
ACCFVWN4PGNTEFGY,SAMSUNG,Galaxy A22 5G ,Violet,6 GB,128 GB,4.3,19999,22499,Fabulous!
ACCFVWN4PGNTEFGY,SAMSUNG,Galaxy A72 ,Awesome Blue,8 GB,256 GB,4.3,37999,43999,Worth the money
ACCFVWN4PGNTEFGY,SAMSUNG,Galaxy M40 ,Midnight Blue,6 GB,128 GB,4.1,14300,14300,Good
ACCFVWN4PGNTEFGY,SAMSUNG,Galaxy A12 ,Blue,4 GB,128 GB,4.2,14999,14999,Good quality product
ACCFVWN4PGNTEFGY,SAMSUNG,Galaxy A51 ,Haze Crush Silver,6 GB,128 GB,4.3,20999,25999,Best in the market!
ACCFVWN4PGNTEFGY,SAMSUNG,Galaxy S5 ,Shimmery White,2 GB,16 GB,3.9,21999,21999,Must buy!
ACCFVWN4PGNTEFGY,SAMSUNG,M02s ,Black,4 GB,64 GB,4.1,11499,11499,Mind-blowing purchase
ACCFVWN4PGNTEFGY,SAMSUNG,Galaxy J7 Prime 2 ,Black,3 GB,32 GB,4.3,14990,14990,Worst experience ever!
ACCFVWN4PGNTEFGY,SAMSUNG,M02s ,Red,3 GB,32 GB,4.2,8999,8999,Terrific
ACCFVWN4PGNTEFGY,SAMSUNG,Galaxy A12 ,Black,4 GB,128 GB,4.2,14999,14999,Don't waste your money
ACCFVWN4PGNTEFGY,SAMSUNG,Galaxy S21 Plus ,Phantom Black,8 GB,128 GB,4.4,71999,100999,Worth every penny
ACCFVWN4PGNTEFGY,SAMSUNG,Galaxy A20s ,Green,3 GB,32 GB,4.3,11599,12900,Highly recommended
ACCFVWN4PGNTEFGY,SAMSUNG,SAMSUNG Metro 350 Dual Sim,Black,32 MB,2 MB,4.1,2899,2899,Super!
ACCFVWN4PGNTEFGY,SAMSUNG,Galaxy F62 ,Laser Grey,8 GB,128 GB,4.3,25999,31999,Great product
ACCFVWN4PGNTEFGY,SAMSUNG,Galaxy A51 ,Prism Crush Black,6 GB,128 GB,4.3,20999,25999,Useless product
ACCFVWN4PGNTEFGY,SAMSUNG,Galaxy Fold 2 ,Mystic Black,12 GB,256 GB,3,149999,189999,Pretty good
ACCFSKBJYWZKXGCP,SAMSUNG,Galaxy A9 ,Caviar Black,6 GB,128 GB,4.4,19990,19990,Perfect product!
ACCFSKBJYWZKXGCP,SAMSUNG,Galaxy S21 ,Phantom Gray,8 GB,256 GB,4.3,73999,87999,Best Bluetooth headphones for the price
ACCFSKBJYWZKXGCP,SAMSUNG,Galaxy A12 ,White,4 GB,128 GB,4.2,14999,14999,Excellent
ACCFSKBJYWZKXGCP,SAMSUNG,Galaxy Note10 Lite ,Aura Glow,8 GB,128 GB,4.3,39999,45000,Wonderful
ACCFSKBJYWZKXGCP,SAMSUNG,Galaxy M42 5G ,Prism Dot Black,6 GB,128 GB,4.3,21450,21450,Fabulous!
ACCFSKBJYWZKXGCP,SAMSUNG,Galaxy A7 ,Blue,6 GB,128 GB,4.4,24600,24600,Super!
ACCFSKBJYWZKXGCP,SAMSUNG,Galaxy On8 ,Black,4 GB,64 GB,4.4,19990,19990,Fabulous!
ACCFSKBJYWZKXGCP,SAMSUNG,Galaxy M42 ,Prism Dot Gray,8 GB,128 GB,4.3,24499,25900,Just wow!
ACCFSKBJYWZKXGCP,SAMSUNG,Galaxy J2 Core ,Gold,1 GB,16 GB,4.2,6999,6999,Highly recommended
ACCFSKBJYWZKXGCP,SAMSUNG,Galaxy J2 Core ,Black,1 GB,16 GB,4.2,6999,6999,Really Nice
ACCFSKBJYWZKXGCP,SAMSUNG,Guru FM Plus,Black,,2 MB,4.2,1100,1100,Just okay
ACCFSKBJYWZKXGCP,SAMSUNG,Galaxy S20+ ,Cloud Blue,8 GB,128 GB,4.4,54999,83000,Best in the market!
ACCFSKBJYWZKXGCP,SAMSUNG,Galaxy A2 Core ,Dark Gray,1 GB,16 GB,4.2,5900,5900,Terrific purchase
ACCFSKBJYWZKXGCP,SAMSUNG,Galaxy M10 ,Ocean Blue,2 GB,16 GB,4.3,8190,8190,Pretty good
ACCFSKBJYWZKXGCP,SAMSUNG,M31 Prime ,Space Black,6 GB,128 GB,4.3,16750,16800,Simply awesome
ACCFSKBJYWZKXGCP,SAMSUNG,Galaxy J2 Core ,Blue,1 GB,16 GB,4.2,6999,6999,Mind-blowing purchase
ACCFSKBJYWZKXGCP,SAMSUNG,Galaxy Star 2 ,Iris Charcoal,512 MB,4 GB,3.9,4890,4890,Nice
ACCFSKBJYWZKXGCP,SAMSUNG,Galaxy F02s ,Diamond White,4 GB,64 GB,4.2,10499,11499,Just wow!
ACCFSKBJYWZKXGCP,SAMSUNG,B351E/Metro 350,Black,32 MB,2 MB,4.2,2870,2870,Terrific purchase
ACCFSKBJYWZKXGCP,SAMSUNG,Galaxy J4 Plus ,Black,2 GB,32 GB,4.3,9000,9000,Brilliant
ACCFSKBJYWZKXGCP,SAMSUNG,Galaxy A10s ,Black,2 GB,32 GB,4.4,10000,10000,Excellent
ACCFSKBJYWZKXGCP,SAMSUNG,Metro 350,Black,32 MB,Expandable Upto 16 GB,4.1,2849,2849,Worth the money
ACCFSKBJYWZKXGCP,SAMSUNG,Galaxy F62 ,Laser Green,8 GB,128 GB,4.3,25999,31999,Wonderful
ACCFSKBJYWZKXGCP,SAMSUNG,Galaxy A51 ,Prism Crush White,8 GB,128 GB,4.3,22499,29999,Just wow!
ACCFSKBJYWZKXGCP,SAMSUNG,M01 core ,Red,2 GB,32 GB,3.9,5990,5990,Mind-blowing purchase
ACCFSKBJYWZKXGCP,SAMSUNG,Galaxy A10s ,Blue,3 GB,32 GB,4.3,11000,11000,Great product
ACCFSKBJYWZKXGCP,SAMSUNG,Galaxy Note 9 ,Midnight Black,8 GB,512 GB,4.6,49999,49999,Excellent
ACCFSKBJYWZKXGCP,SAMSUNG,Galaxy Star 2 ,White,512 MB,4 GB,3.9,4890,4890,Wonderful
ACCFSKBJYWZKXGCP,SAMSUNG,Galaxy M30s ,Black,6 GB,128 GB,4.1,16999,16999,Wonderful
ACCFSKBJYWZKXGCP,SAMSUNG,Sm-B110E/D,Black,,2 MB,4.1,1497,1497,Great product
ACCFSKBJYWZKXGCP,SAMSUNG,Galaxy S21 ,Phantom Violet,8 GB,128 GB,4.3,69999,83999,Simply awesome
ACCFSKBJYWZKXGCP,SAMSUNG,Galaxy A51 ,Prism Crush Blue,6 GB,128 GB,4.3,20999,25999,Awesome
ACCFSKBJYWZKXGCP,SAMSUNG,Galaxy S9 ,Midnight Black,4 GB,64 GB,4.4,62500,62500,Terrific purchase
ACCFSKBJYWZKXGCP,SAMSUNG,Galaxy A7 2016 Edition ,Gold,3 GB,16 GB,4.1,17490,17490,Just wow!
ACCFSKBJYWZKXGCP,SAMSUNG,Metro XL,Black,64 MB,128 MB,4.2,3271,3271,Wonderful
ACCFSKBJYWZKXGCP,SAMSUNG,Galaxy A7 2016 Edition ,Gold,3 GB,16 GB,4.1,17490,17490,Terrific
ACCFSKBJYWZKXGCP,SAMSUNG,Metro XL,Black,64 MB,128 MB,4.2,3271,3271,Delightful
ACCFSKBJYWZKXGCP,SAMSUNG,Galaxy M21 ,Iceberg Blue,4 GB,64 GB,4.3,13760,13760,Brilliant
ACCFSKBJYWZKXGCP,SAMSUNG,Z2 ,Black,1 GB,8 GB,3.6,4790,4790,Best in the market!
ACCFSKBJYWZKXGCP,SAMSUNG,Galaxy A2 Core ,Gold,1 GB,16 GB,4.2,5900,5900,Worth every penny
ACCFSKBJYWZKXGCP,SAMSUNG,Galaxy M10 ,Ocean Blue,3 GB,32 GB,4.3,8690,9290,Classy product
ACCFSKBJYWZKXGCP,SAMSUNG,Galaxy A71 ,Prism Crush Blue,8 GB,128 GB,4.4,27499,34999,Perfect product!
ACCFSKBJYWZKXGCP,SAMSUNG,Galaxy J7 Prime ,Black,3 GB,16 GB,4.2,10990,10990,Delightful
ACCFSKBJYWZKXGCP,SAMSUNG,Galaxy A30 ,Red,4 GB,64 GB,4.4,18000,18000,Very Good
ACCFSKBJYWZKXGCP,SAMSUNG,Galaxy M10S ,Stainless Black,3 GB,32 GB,4.4,9100,10000,Value-for-money
ACCFSKBJYWZKXGCP,SAMSUNG,Galaxy A9 ,Lemonade Blue,8 GB,128 GB,4.3,39000,39000,Very Good
ACCFSKBJYWZKXGCP,SAMSUNG,Galaxy A70 ,Blue,6 GB,128 GB,4.3,30900,30900,Could be way better
ACCFSKBJYWZKXGCP,SAMSUNG,Galaxy J1 Ace ,Black,512 MB,4 GB,3.9,4988,4988,Mind-blowing purchase
ACCFSKBJYWZKXGCP,SAMSUNG,Z1 ,White,768 MB,4 GB,3.5,3990,3990,Must buy!
ACCFSKBJYWZKXGCP,SAMSUNG,Galaxy M20 ,Ocean Blue,4 GB,64 GB,4.3,11999,11999,Horrible
ACCFSDGXX3S6DVBG,SAMSUNG,Galaxy A20s ,Green,4 GB,64 GB,4.3,13695,14900,Brilliant
ACCFSDGXX3S6DVBG,SAMSUNG,Galaxy A30 ,White,4 GB,64 GB,4.4,18000,18000,Nice product
ACCFSDGXX3S6DVBG,SAMSUNG,Galaxy J5 ,Black,1.5 GB,8 GB,4.3,7990,7990,Mind-blowing purchase
ACCFSDGXX3S6DVBG,SAMSUNG,Galaxy On6 ,Blue,4 GB,64 GB,4.3,17600,17600,Worth every penny
ACCFSDGXX3S6DVBG,SAMSUNG,Galaxy J5 ,White,1.5 GB,8 GB,4.3,11390,11390,Worth the money
ACCFSDGXX3S6DVBG,SAMSUNG,Galaxy A51 ,Haze Crush Silver,8 GB,128 GB,4.3,22499,29999,Excellent
ACCFSDGXX3S6DVBG,SAMSUNG,Galaxy Note 5 ,black sapphire,4 GB,32 GB,3.9,46900,46900,Very Good
ACCFSDGXX3S6DVBG,SAMSUNG,Galaxy J2 ,Gold,1 GB,8 GB,4.1,7400,7400,Hated it!
ACCFSDGXX3S6DVBG,SAMSUNG,Galaxy A50s ,Prism Crush White,4 GB,128 GB,4.3,14999,24900,Highly recommended
ACCFSDGXX3S6DVBG,SAMSUNG,Galaxy Note 9 ,Ocean Blue,6 GB,128 GB,4.6,53999,73990,Delightful
ACCFSDGXX3S6DVBG,SAMSUNG,Galaxy Note 9 ,Metallic Copper,6 GB,128 GB,4.6,73600,73600,Good quality product
ACCFSDGXX3S6DVBG,SAMSUNG,Galaxy S10 ,Prism White,8 GB,128 GB,4.6,39999,71000,Wonderful
ACCFSDGXX3S6DVBG,SAMSUNG,Galaxy S4 Mini ,White Frost,1.5 GB,8 GB,3.8,20400,20400,Brilliant
ACCFSDGXX3S6DVBG,SAMSUNG,Galaxy A50s ,Prism Crush White,6 GB,128 GB,4.3,21099,26900,Great product
ACCFSDGXX3S6DVBG,SAMSUNG,M31 Prime ,IceBerg Blue,6 GB,64 GB,4.3,18699,18699,Wonderful
ACCFSDGXX3S6DVBG,SAMSUNG,Galaxy A20 ,Red,3 GB,32 GB,4.3,12900,12900,Worst experience ever!
ACCFSDGXX3S6DVBG,SAMSUNG,Galaxy M20 ,Ocean Blue,32 GB,,4.2,9990,9990,Excellent
ACCFSDGXX3S6DVBG,SAMSUNG,Galaxy A9 Pro ,White,4 GB,32 GB,4.3,26900,26900,Great product
ACCFSDGXX3S6DVBG,SAMSUNG,Galaxy J7 Prime 2 ,Gold,3 GB,32 GB,4.3,14990,14990,Super!
ACCFSDGXX3S6DVBG,SAMSUNG,Galaxy M10 ,Charcoal Black,3 GB,32 GB,4.3,8650,9290,Wonderful
ACCFSDGXX3S6DVBG,SAMSUNG,Galaxy S21 Plus ,Phantom Violet,8 GB,128 GB,4.4,71999,100999,Did not meet expectations
ACCFSDGXX3S6DVBG,SAMSUNG,Galaxy S21 Plus ,Phantom Violet,8 GB,256 GB,4.4,75999,104999,Pretty good
ACCFSDGXX3S6DVBG,SAMSUNG,Galaxy J2 - 2016 ,Black,1.5 GB,8 GB,4,6990,6990,Brilliant
ACCFSDGXX3S6DVBG,SAMSUNG,Galaxy Note 9 ,Lavender Purple,6 GB,128 GB,4.6,73600,73600,Simply awesome
ACCFSDGXX3S6DVBG,SAMSUNG,Galaxy S6 Edge ,White Pearl,3 GB,32 GB,4,44900,44900,Fabulous!
ACCFSDGXX3S6DVBG,SAMSUNG,Galaxy J7 Duo ,Blue,4 GB,32 GB,4.3,17990,17990,Terrific purchase
ACCFSDGXX3S6DVBG,SAMSUNG,Galaxy A32 ,Awesome Violet,6 GB,128 GB,4.1,21999,24999,Great product
ACCFSDGXX3S6DVBG,SAMSUNG,Galaxy A50s ,Prism Crush Black,6 GB,128 GB,4.3,21099,26900,Just wow!
ACCFSDGXX3S6DVBG,SAMSUNG,Galaxy S21 ,Phantom Violet,8 GB,256 GB,4.3,73999,87999,Delightful
ACCFSDGXX3S6DVBG,SAMSUNG,Galaxy A71 ,Prism Crush Silver,8 GB,128 GB,4.4,27499,34999,Good choice
ACCFSDGXX3S6DVBG,SAMSUNG,Galaxy A10s ,Green,2 GB,32 GB,4.4,10000,10000,Value-for-money
ACCFSDGXX3S6DVBG,SAMSUNG,Galaxy J2 Pro ,Black,2 GB,16 GB,4.2,8200,8200,Decent product
ACCFSDGXX3S6DVBG,SAMSUNG,Galaxy M42 5G ,Prism Dot Gray,6 GB,128 GB,4.3,17000,21540,Wonderful
ACCFSDGXX3S6DVBG,SAMSUNG,Galaxy J7 - 6 New 2016 Edition) ,Gold,2 GB,16 GB,4.3,13800,13800,Does the job
ACCFSDGXX3S6DVBG,SAMSUNG,Galaxy A70s ,Prism Crush Black,6 GB,128 GB,4.3,17999,31000,Highly recommended
ACCFSDGXX3S6DVBG,SAMSUNG,Galaxy Note 10 Plus ,Aura Black,12 GB,512 GB,4.6,95000,95000,Must buy!
ACCFSDGXX3S6DVBG,SAMSUNG,Galaxy A52 ,Awesome Violet,8 GB,128 GB,4.4,28999,31999,Terrific purchase
ACCFSDGXX3S6DVBG,SAMSUNG,Galaxy S10 Lite ,Prism Blue,8 GB,512 GB,4.5,45999,51000,Highly recommended
ACCFSDGXX3S6DVBG,SAMSUNG,Galaxy A30s ,Prism Crush White,4 GB,64 GB,4.3,15899,18900,Just wow!
ACCFSDGXX3S6DVBG,SAMSUNG,Metro 350,Black,32 MB,Expandable Upto 16 GB,4.1,2940,2940,Great product
ACCFSDGXX3S6DVBG,SAMSUNG,Galaxy S8 ,Burgundy Red,4 GB,64 GB,4.6,49990,49990,Nice product
ACCFSDGXX3S6DVBG,SAMSUNG,Galaxy Note 5 ,Silver,4 GB,32 GB,3.9,56999,56999,Delightful
ACCFSDGXX3S6DVBG,SAMSUNG,Galaxy A7 2016 Edition ,White,3 GB,16 GB,4.1,20700,20700,Nice product
ACCFSDGXX3S6DVBG,SAMSUNG,Z4 ,Gold,1 GB,8 GB,3.5,6200,6200,Fabulous!
ACCFSDGXX3S6DVBG,SAMSUNG,Galaxy A72 ,Awesome Violet,8 GB,256 GB,4.3,37999,43999,Delightful
ACCFSDGXX3S6DVBG,SAMSUNG,Galaxy Star Advance ,White,512 MB,4 GB,3.8,5499,5499,Wonderful
ACCFSDGXX3S6DVBG,SAMSUNG,Galaxy A80 ,Ghost White,8 GB,128 GB,4.4,29899,29899,Awesome
ACCFSDGXX3S6DVBG,SAMSUNG,Galaxy J1 ,Blue,512 MB,4 GB,4,7454,7454,Simply awesome
ACCFSDGXX3S6DVBG,SAMSUNG,Galaxy S20 ,Cloud Pink,8 GB,128 GB,4.3,74000,74000,Highly recommended
ACCFSDGXX3S6DVBG,SAMSUNG,B351E/Metro 350,Black,32 MB,2 MB,4.2,2089,2089,Classy product
ACCEVQZABYWJHRHF,SAMSUNG,Galaxy A9 ,Lemonade Blue,6 GB,128 GB,4.4,36000,36000,Worth every penny
ACCEVQZABYWJHRHF,SAMSUNG,Metro 350,Black,32 MB,2 MB,4.1,2815,2815,Worth every penny
ACCEVQZABYWJHRHF,SAMSUNG,Galaxy S9 ,Coral Blue,4 GB,128 GB,4.4,61900,61900,Pretty good
ACCEVQZABYWJHRHF,SAMSUNG,Galaxy Z Flip ,Mirror Black,8 GB,256 GB,,66000,66000,Excellent
ACCEVQZABYWJHRHF,SAMSUNG,Galaxy Alpha ,Frosted Gold,2 GB,32 GB,3.6,42000,42000,Classy product
ACCEVQZABYWJHRHF,SAMSUNG,Galaxy Alpha ,Charcoal Black,2 GB,32 GB,3.6,22389,22389,Good choice
ACCEVQZABYWJHRHF,SAMSUNG,Galaxy S9 Plus ,Burgundy Red,6 GB,64 GB,4.5,70000,70000,Good choice
ACCEVQZABYWJHRHF,SAMSUNG,Metro 350,Black,46 MB,2 MB,4.1,2699,3270,Must buy!
ACCEVQZABYWJHRHF,SAMSUNG,Galaxy A51 ,Prism Crush White,6 GB,128 GB,4.3,20999,25999,Perfect product!
ACCEVQZABYWJHRHF,SAMSUNG,Galaxy Note10 Lite ,Aura Red,6 GB,128 GB,4.3,37999,43000,Very Good
ACCEVQZABYWJHRHF,SAMSUNG,Galaxy Core Prime G361 Dual Sim - White ,White,1 GB,8 GB,3.7,7999,7999,Great product
ACCEVQZABYWJHRHF,SAMSUNG,Galaxy A70s ,Prism Crush Black,8 GB,128 GB,4.3,30500,33100,Nice product
ACCEVQZABYWJHRHF,SAMSUNG,Galaxy A7 2016 Edition ,Black,3 GB,16 GB,4.1,20700,20700,Perfect product!
ACCEVQZABYWJHRHF,SAMSUNG,Galaxy S21 ,Phantom White,8 GB,128 GB,4.3,69999,83999,Nice
ACCEVQZABYWJHRHF,SAMSUNG,Galaxy S9 Plus ,Midnight Black,6 GB,128 GB,4.5,68900,68900,Value-for-money
ACCEVQZABYWJHRHF,SAMSUNG,Metro,Black,32 MB,2 MB,4.2,2849,2849,Waste of money!
ACCEVQZABYWJHRHF,SAMSUNG,Galaxy A52 ,Awesome Violet,6 GB,128 GB,4.3,27499,30499,Hated it!
ACCEVQZABYWJHRHF,SAMSUNG,Galaxy E7 ,Black,2 GB,16 GB,4.3,16200,16200,Just wow!
ACCEVQZABYWJHRHF,SAMSUNG,Z1 ,Black,768 MB,4 GB,3.5,3990,3990,Just wow!
ACCEVQZABYWJHRHF,SAMSUNG,Galaxy S9 ,Midnight Black,4 GB,128 GB,4.4,61900,61900,Must buy!
ACCEVQZABYWJHRHF,SAMSUNG,Galaxy S9 Plus ,Coral Blue,6 GB,64 GB,4.5,70000,70000,Perfect product!
ACCEVQZABYWJHRHF,SAMSUNG,Galaxy Note 8 ,Orchid Grey,6 GB,64 GB,4.6,49999,49999,Pretty good
ACCEVQZABYWJHRHF,SAMSUNG,Galaxy A5-2017 ,Black Sky,3 GB,32 GB,4.1,22900,22900,Simply awesome
ACCEVQZABYWJHRHF,SAMSUNG,Tizen Z3 ,Gold,1 GB,8 GB,3.3,6990,6990,Very poor
ACCEVQZABYWJHRHF,SAMSUNG,Galaxy J4 Plus ,Blue,2 GB,32 GB,4.3,9000,9000,Very poor
ACCEVQZABYWJHRHF,SAMSUNG,Galaxy S10 Plus ,Prism Blue,8 GB,128 GB,4.6,59900,59900,Terrific
ACCEVQZABYWJHRHF,SAMSUNG,Galaxy On Nxt ,Black,3 GB,16 GB,4.3,11200,11200,Fair
ACCEVQZABYWJHRHF,SAMSUNG,Galaxy M30S ,Pearl white,4 GB,128 GB,4.3,16999,16999,Simply awesome
ACCEVQZABYWJHRHF,SAMSUNG,Galaxy S9 Plus ,Lilac Purple,6 GB,128 GB,4.5,68900,68900,Excellent
ACCEVQZABYWJHRHF,SAMSUNG,Galaxy On8 ,Blue,4 GB,64 GB,4.4,19990,19990,Best in the market!
ACCEVQZABYWJHRHF,SAMSUNG,Galaxy Note 5 ,Silver Titanium,4 GB,32 GB,4.1,46300,46300,Nice product
ACCEVQZABYWJHRHF,SAMSUNG,Galaxy A10s ,Blue,2 GB,32 GB,4.4,10000,10000,Worth the money
ACCEVQZABYWJHRHF,SAMSUNG,Galaxy J2 Ace ,Silver,1.5 GB,8 GB,4.1,8090,8090,Excellent
ACCEVQZABYWJHRHF,SAMSUNG,Galaxy A5-2017 ,Gold Sand,3 GB,32 GB,4.1,22900,22900,Just wow!
ACCEVQZABYWJHRHF,SAMSUNG,Metro XL,Black,64 MB,128 MB,4.2,3780,3780,Wonderful
ACCEVQZABYWJHRHF,SAMSUNG,Galaxy S4 ,Deep Black,2 GB,16 GB,3.9,15999,15999,Best in the market!
ACCEVQZABYWJHRHF,SAMSUNG,Galaxy Note 3 ,Classic White,3 GB,32 GB,4.2,50650,50650,Very Good
ACCEVQZABYWJHRHF,SAMSUNG,Galaxy S Duos 3 ,Charcoal Grey,512 MB,4 GB,4,6499,6499,Useless product
ACCEVQZABYWJHRHF,SAMSUNG,Galaxy A22 ,Mint,6 GB,128 GB,4.3,16999,19499,Terrific
ACCEVQZABYWJHRHF,SAMSUNG,Galaxy S21 Plus ,Phantom Black,8 GB,256 GB,4.4,75999,104999,Mind-blowing purchase
ACCEVQZABYWJHRHF,SAMSUNG,Galaxy J2 Ace ,Gold,1.5 GB,8 GB,4.1,8090,8090,Highly recommended
ACCEVQZABYWJHRHF,SAMSUNG,Galaxy Note 5 ,Gold Platinum,4 GB,32 GB,4.1,46300,46300,Excellent
ACCEVQZABYWJHRHF,SAMSUNG,Galaxy S Duos 3 ,Ceramic White,512 MB,4 GB,4,6048,6048,Mind-blowing purchase
ACCEVQZABYWJHRHF,SAMSUNG,Galaxy A3 ,Champagne Gold,1 GB,16 GB,4,8190,8190,Mind-blowing purchase
ACCEVQZABYWJHRHF,SAMSUNG,Galaxy Note 5 ,black sapphire,4 GB,32 GB,4.1,46300,46300,Awesome
ACCEVQZABYWJHRHF,SAMSUNG,Galaxy S6 Edge ,White Pearl,3 GB,64 GB,4,53900,53900,Wonderful
ACCEVQZABYWJHRHF,SAMSUNG,Galaxy A70s ,Prism Crush White,6 GB,128 GB,4.3,17999,31000,Brilliant
ACCEVQZABYWJHRHF,SAMSUNG,Galaxy S10 Plus ,Prism Black,8 GB,128 GB,4.6,79000,79000,Highly recommended
ACCEVQZABYWJHRHF,SAMSUNG,Galaxy S9 ,Midnight Black,4 GB,256 GB,4.4,65900,65900,Terrific purchase
ACCEVQZABYWJHRHF,SAMSUNG,Galaxy S8 Plus ,Midnight Black,6 GB,128 GB,4.6,48669,48669,Classy product
